rank,run,architecture,optimizer,loss,learning_rate,weight_decay,batch_size,momentum,label_smoothing,focal_gamma,best_epoch,validation_accuracy,validation_macro_f1,train_accuracy
1,hyperparameter_search_v2_adamw_smooth,resnet50,AdamW,LabelSmoothedCrossEntropy,0.001,0.0001,32,,0.1,,22,0.9742765273311897,0.9748631463278995,0.9887187751813054
2,hyperparameter_search_v2_sgd_smooth,resnet50,SGD,LabelSmoothedCrossEntropy,0.01,0.0001,32,0.9,0.1,,26,0.9710610932475884,0.9718955139573916,0.9927477840451249
3,frozen_baseline,resnet50,AdamW,CrossEntropyLoss,0.001,0.0001,32,,,,27,0.9710610932475884,0.9718289118289118,0.9903303787268332
4,hyperparameter_search_v2_adam_ce,resnet50,Adam,CrossEntropyLoss,0.001,0.0001,32,,,,27,0.9710610932475884,0.9718289118289118,0.9895245769540693
5,hyperparameter_search_v2_adamw_ce_decay,resnet50,AdamW,CrossEntropyLoss,0.001,0.001,32,,,,27,0.9710610932475884,0.9718289118289118,0.9903303787268332
6,hyperparameter_search_v2_adam_smooth,resnet50,Adam,LabelSmoothedCrossEntropy,0.001,0.0001,32,,0.1,,22,0.9710610932475884,0.9717544442686726,0.9887187751813054
7,hyperparameter_search_v2_sgd_ce,resnet50,SGD,CrossEntropyLoss,0.01,0.0001,32,0.9,,,36,0.9710610932475884,0.9716823344049131,0.9927477840451249
8,hyperparameter_search_v2_adamw_ce_batch64,resnet50,AdamW,CrossEntropyLoss,0.001,0.0001,64,,,,39,0.9710610932475884,0.9716611350836294,0.9927477840451249
9,hyperparameter_search_v2_adamw_ce_lr_high,resnet50,AdamW,CrossEntropyLoss,0.003,0.0001,32,,,,10,0.9710610932475884,0.9713696027987891,0.9782433521353747
10,hyperparameter_search_v2_sgd_focal,efficientnet_b0,SGD,FocalLoss,0.01,0.0001,32,0.9,,2.0,35,0.9710610932475884,0.9713574363476521,0.9967767929089444
11,hyperparameter_search_v2_adamw_ce_lr_low,efficientnet_b0,AdamW,CrossEntropyLoss,0.0003,0.0001,32,,,,27,0.9646302250803859,0.9655761069715307,0.9806607574536664
12,hyperparameter_search_v2_adamw_focal,resnet50,AdamW,FocalLoss,0.001,0.0001,32,,,2.0,9,0.9614147909967846,0.9623038133571526,0.975825946817083
13,hyperparameter_search_v2_adam_focal,resnet50,Adam,FocalLoss,0.001,0.0001,32,,,2.0,9,0.9614147909967846,0.9623038133571526,0.975825946817083
14,hyperparameter_search_v2_adamw_focal,efficientnet_b0,AdamW,FocalLoss,0.001,0.0001,32,,,2.0,10,0.9614147909967846,0.962115811414057,0.983883964544722
15,hyperparameter_search_v2_adam_focal,efficientnet_b0,Adam,FocalLoss,0.001,0.0001,32,,,2.0,10,0.9614147909967846,0.962115811414057,0.983883964544722
16,hyperparameter_search_v2_adamw_ce_lr_high,mobilenet_v3_small,AdamW,CrossEntropyLoss,0.003,0.0001,32,,,,19,0.9614147909967846,0.9620844382834521,0.9943593875906527
17,hyperparameter_search_v2_adamw_smooth,mobilenet_v3_small,AdamW,LabelSmoothedCrossEntropy,0.001,0.0001,32,,0.1,,28,0.9614147909967846,0.9620819580589696,0.9879129734085415
18,hyperparameter_search_v2_adam_smooth,mobilenet_v3_small,Adam,LabelSmoothedCrossEntropy,0.001,0.0001,32,,0.1,,28,0.9614147909967846,0.9620819580589696,0.9879129734085415
19,hyperparameter_search_v2_adamw_smooth,efficientnet_b0,AdamW,LabelSmoothedCrossEntropy,0.001,0.0001,32,,0.1,,11,0.9614147909967846,0.9617549138764736,0.9871071716357775
20,hyperparameter_search_v2_adam_smooth,efficientnet_b0,Adam,LabelSmoothedCrossEntropy,0.001,0.0001,32,,0.1,,11,0.9614147909967846,0.9617549138764736,0.9863013698630136
21,hyperparameter_search_v2_sgd_focal,resnet50,SGD,FocalLoss,0.01,0.0001,32,0.9,,2.0,11,0.9614147909967846,0.9616432102405278,0.9669621273166801
22,hyperparameter_search_v2_adamw_ce_batch64,efficientnet_b0,AdamW,CrossEntropyLoss,0.001,0.0001,64,,,,12,0.9581993569131833,0.9592032609357686,0.9717969379532635
23,frozen_baseline,efficientnet_b0,AdamW,CrossEntropyLoss,0.001,0.0001,32,,,,12,0.9581993569131833,0.9590938388070196,0.983883964544722
24,hyperparameter_search_v2_adam_ce,efficientnet_b0,Adam,CrossEntropyLoss,0.001,0.0001,32,,,,12,0.9581993569131833,0.9590938388070196,0.983883964544722
25,hyperparameter_search_v2_adamw_ce_decay,efficientnet_b0,AdamW,CrossEntropyLoss,0.001,0.001,32,,,,12,0.9581993569131833,0.9590938388070196,0.983883964544722
26,hyperparameter_search_v2_adamw_ce_lr_high,efficientnet_b0,AdamW,CrossEntropyLoss,0.003,0.0001,32,,,,7,0.9581993569131833,0.9590189222542165,0.983883964544722
27,hyperparameter_search_v2_sgd_smooth,mobilenet_v3_small,SGD,LabelSmoothedCrossEntropy,0.01,0.0001,32,0.9,0.1,,19,0.9581993569131833,0.9588088727242842,0.9854955680902499
28,hyperparameter_search_v2_sgd_ce,efficientnet_b0,SGD,CrossEntropyLoss,0.01,0.0001,32,0.9,,,11,0.9581993569131833,0.9586985809011984,0.9871071716357775
29,hyperparameter_search_v2_sgd_smooth,efficientnet_b0,SGD,LabelSmoothedCrossEntropy,0.01,0.0001,32,0.9,0.1,,11,0.9581993569131833,0.9584657102248703,0.984689766317486
30,hyperparameter_search_v2_adamw_ce_lr_low,resnet50,AdamW,CrossEntropyLoss,0.0003,0.0001,32,,,,37,0.954983922829582,0.9564001083205534,0.9798549556809025
31,hyperparameter_search_v2_sgd_ce,mobilenet_v3_small,SGD,CrossEntropyLoss,0.01,0.0001,32,0.9,,,21,0.954983922829582,0.9557442707091575,0.9879129734085415
32,hyperparameter_search_v2_sgd_focal,mobilenet_v3_small,SGD,FocalLoss,0.01,0.0001,32,0.9,,2.0,16,0.9517684887459807,0.9527893186976018,0.9798549556809025
33,hyperparameter_search_v2_adamw_focal,mobilenet_v3_small,AdamW,FocalLoss,0.001,0.0001,32,,,2.0,19,0.9517684887459807,0.9526457338521116,0.9879129734085415
34,hyperparameter_search_v2_adam_focal,mobilenet_v3_small,Adam,FocalLoss,0.001,0.0001,32,,,2.0,19,0.9517684887459807,0.9526457338521116,0.9879129734085415
35,hyperparameter_search_v2_sgd_ce,resnet18,SGD,CrossEntropyLoss,0.01,0.0001,32,0.9,,,37,0.9485530546623794,0.9487293994546411,0.9822723609991942
36,hyperparameter_search_v2_sgd_focal,resnet18,SGD,FocalLoss,0.01,0.0001,32,0.9,,2.0,17,0.9453376205787781,0.9461176734844882,0.9782433521353747
37,frozen_baseline,resnet18,AdamW,CrossEntropyLoss,0.001,0.0001,32,,,,29,0.9453376205787781,0.9458050910510032,0.9774375503626108
38,hyperparameter_search_v2_adamw_ce_decay,resnet18,AdamW,CrossEntropyLoss,0.001,0.001,32,,,,29,0.9453376205787781,0.9458050910510032,0.9774375503626108
39,hyperparameter_search_v2_adam_ce,resnet18,Adam,CrossEntropyLoss,0.001,0.0001,32,,,,29,0.9453376205787781,0.9456193458147917,0.9774375503626108
40,hyperparameter_search_v2_adamw_focal,resnet18,AdamW,FocalLoss,0.001,0.0001,32,,,2.0,32,0.9453376205787781,0.9453269142282233,0.9854955680902499
41,hyperparameter_search_v2_adamw_ce_lr_high,resnet18,AdamW,CrossEntropyLoss,0.003,0.0001,32,,,,21,0.9453376205787781,0.9453158998409076,0.9871071716357775
42,hyperparameter_search_v2_adam_focal,resnet18,Adam,FocalLoss,0.001,0.0001,32,,,2.0,40,0.9453376205787781,0.9452371651048245,0.9854955680902499
43,frozen_baseline,mobilenet_v3_small,AdamW,CrossEntropyLoss,0.001,0.0001,32,,,,16,0.9421221864951769,0.9431221682351639,0.9750201450443191
44,hyperparameter_search_v2_adam_ce,mobilenet_v3_small,Adam,CrossEntropyLoss,0.001,0.0001,32,,,,16,0.9421221864951769,0.9431221682351639,0.9750201450443191
45,hyperparameter_search_v2_adamw_ce_decay,mobilenet_v3_small,AdamW,CrossEntropyLoss,0.001,0.001,32,,,,16,0.9421221864951769,0.9431221682351639,0.9750201450443191
46,hyperparameter_search_v2_adamw_smooth,resnet18,AdamW,LabelSmoothedCrossEntropy,0.001,0.0001,32,,0.1,,22,0.9421221864951769,0.9420127317438264,0.9717969379532635
47,hyperparameter_search_v2_adam_smooth,resnet18,Adam,LabelSmoothedCrossEntropy,0.001,0.0001,32,,0.1,,22,0.9421221864951769,0.9420127317438264,0.9717969379532635
48,hyperparameter_search_v2_adamw_ce_lr_low,mobilenet_v3_small,AdamW,CrossEntropyLoss,0.0003,0.0001,32,,,,28,0.9389067524115756,0.93965249562712,0.9605157131345688
49,hyperparameter_search_v2_adamw_ce_batch64,mobilenet_v3_small,AdamW,CrossEntropyLoss,0.001,0.0001,64,,,,16,0.9389067524115756,0.93965249562712,0.967767929089444
50,hyperparameter_search_v2_sgd_smooth,resnet18,SGD,LabelSmoothedCrossEntropy,0.01,0.0001,32,0.9,0.1,,8,0.9356913183279743,0.9362012454190806,0.9637389202256245
51,hyperparameter_search_v2_adamw_ce_batch64,resnet18,AdamW,CrossEntropyLoss,0.001,0.0001,64,,,,20,0.9260450160771704,0.9256126848428804,0.9524576954069299
52,hyperparameter_search_v2_adamw_ce_lr_low,resnet18,AdamW,CrossEntropyLoss,0.0003,0.0001,32,,,,38,0.9196141479099679,0.9186794245371924,0.9524576954069299
