source_path,split,class_name,leaf_instances,lesion_candidates,leaf_pixels,candidate_lesion_pixels,review_flags,metadata
train/bacterial_leaf_blight/bacterial_leaf_blight (1).JPG,train,bacterial_leaf_blight,1,200,1418488,446876,requires_human_review,metadata/train/bacterial_leaf_blight/bacterial_leaf_blight (1).JPG.json
train/brown_spot/brown_spot (1).jpg,train,brown_spot,1,1,269180,269012,requires_human_review;high_candidate_coverage,metadata/train/brown_spot/brown_spot (1).jpg.json
train/healthy/healthy (100).jpg,train,healthy,1,40,340144,46868,requires_human_review;candidate_on_healthy_image,metadata/train/healthy/healthy (100).jpg.json
train/leaf_blast/leaf_blast (1).jpg,train,leaf_blast,1,3,293672,29624,requires_human_review,metadata/train/leaf_blast/leaf_blast (1).jpg.json
train/leaf_scald/leaf_scald (10).jpg,train,leaf_scald,3,5,341736,309948,requires_human_review;multiple_leaf_components;high_candidate_coverage,metadata/train/leaf_scald/leaf_scald (10).jpg.json
train/narrow_brown_spot/narrow_brown (1).jpg,train,narrow_brown_spot,1,33,429484,33412,requires_human_review,metadata/train/narrow_brown_spot/narrow_brown (1).jpg.json
train/bacterial_leaf_blight/bacterial_leaf_blight (101).JPG,train,bacterial_leaf_blight,1,84,739164,190012,requires_human_review,metadata/train/bacterial_leaf_blight/bacterial_leaf_blight (101).JPG.json
train/brown_spot/brown_spot (100).JPG,train,brown_spot,1,7,1371660,1318424,requires_human_review;high_candidate_coverage,metadata/train/brown_spot/brown_spot (100).JPG.json
train/healthy/healthy (101).jpg,train,healthy,1,36,467356,171420,requires_human_review;candidate_on_healthy_image,metadata/train/healthy/healthy (101).jpg.json
train/leaf_blast/leaf_blast (10).jpg,train,leaf_blast,1,69,309500,146104,requires_human_review,metadata/train/leaf_blast/leaf_blast (10).jpg.json
train/leaf_scald/leaf_scald (100).jpg,train,leaf_scald,1,5,208236,161348,requires_human_review;high_candidate_coverage,metadata/train/leaf_scald/leaf_scald (100).jpg.json
train/narrow_brown_spot/narrow_brown (100).jpg,train,narrow_brown_spot,1,36,328160,45912,requires_human_review,metadata/train/narrow_brown_spot/narrow_brown (100).jpg.json
